{
    "tardis_takeoff": {
        "sounds": [
            "tardis_takeoff"
        ]
    },
    "tardis_land": {
        "sounds": [
            "tardis_land"
        ]
    },
    "tardis_hum": {
        "sounds": [
            "tardis_hum_1",
            "tardis_hum_2"
        ]
    },
    "sonic_screwdriver": {
        "sounds": [
            "sonic_screwdriver"
        ]
    },
    "police_box_open": {
        "sounds": [
            "police_box_open"
        ]
    },
    "police_box_close": {
        "sounds": [
            "police_box_close"
        ]
    },
    "tardis_cloister_bell": {
        "sounds": [
            "tardis_cloister_bell"
        ]
    },
    "tardis_scanner": {
        "sounds": [
            "tardis_scanner"
        ]
    },
    "tardis_malfunction": {
        "sounds": [
            "tardis_malfunction"
        ]
    },
    "tardis_enter": {
        "sounds": [
            "tardis_enter"
        ]
    }
}